﻿{"cameraMode":{"drawMode":0,"name":"Shaded","section":"Shading Mode"},"sceneLighting":true,"audioPlay":false,"sceneViewState":{"showFog":true,"showMaterialUpdate":false,"showSkybox":true,"showFlares":true,"showImageEffects":true,"showParticleSystems":true},"in2DMode":false,"pivot":{"x":208.51052856445313,"y":254.47488403320313,"z":21.8978271484375},"rotation":{"x":-0.035676173865795138,"y":-0.016992144286632539,"z":-0.0006064189365133643,"w":0.999218761920929},"size":298.9671936035156,"orthographic":false}